activity_label,sample_count,mean_pc1,mean_pc2
LAYING,1944,-14.56360539493173,2.1341068966269185
SITTING,1777,-14.230022523845463,0.8300079037104396
STANDING,1906,-13.626719688661057,-0.19166966444058903
WALKING,1722,15.817736403311063,1.2368466947732202
WALKING_DOWNSTAIRS,1406,23.324373285425835,2.125936780477929
WALKING_UPSTAIRS,1544,12.654608622667276,-6.72099908890147
