activity_label,sample_count,mean_pc1,mean_pc2
LAYING,80,-16.689551210831873,0.21746837284009804
SITTING,73,-17.55943431400497,0.466533463489189
STANDING,84,-17.182271132658485,1.1102378215625153
WALKING,126,16.065423986235512,2.304193308270415
WALKING_DOWNSTAIRS,72,21.307457577403035,3.5569306304245125
WALKING_UPSTAIRS,65,7.722049370669722,-10.63295002932011
