scenario,PC1_explained_variance_ratio,PC2_explained_variance_ratio,first_two_pc_cumulative_variance,PCs_for_80_percent,PCs_for_90_percent,PCs_for_95_percent
Full dataset (n > p),0.507382210350133,0.062391857751965166,0.5697740681020982,27,65,104
First 500 rows (p > n),0.535932209334513,0.0781199009425873,0.6140521102771004,16,43,74
Random 500 rows (p > n),0.5094043117906312,0.06335773664007335,0.5727620484307046,23,52,84
