scenario,two_pc_silhouette_score,mean_centroid_distance,min_centroid_distance,max_centroid_distance,avg_within_class_spread
Full dataset (n > p),0.01618732648924411,21.404215298879787,1.186507212032253,37.887979561254355,6.119148421251512
First 500 rows (p > n),0.10896514622995054,22.694960707307448,0.7460612347293827,38.989560653433884,5.595669167233609
Random 500 rows (p > n),-0.008960641655597741,21.373514037125652,0.4114427848710876,37.479416803287485,6.445993241373686
